stock_id,error
3430,"HTTP error 402: Payment Required. {""msg"":""Requests reach the upper limit. https://finmindtrade.com/"",""status"":402}"
3432,"HTTP error 402: Payment Required. {""msg"":""Requests reach the upper limit. https://finmindtrade.com/"",""status"":402}"
3434,"HTTP error 402: Payment Required. {""msg"":""Requests reach the upper limit. https://finmindtrade.com/"",""status"":402}"
3437,"HTTP error 402: Payment Required. {""msg"":""Requests reach the upper limit. https://finmindtrade.com/"",""status"":402}"
3438,"HTTP error 402: Payment Required. {""msg"":""Requests reach the upper limit. https://finmindtrade.com/"",""status"":402}"
3441,"HTTP error 402: Payment Required. {""msg"":""Requests reach the upper limit. https://finmindtrade.com/"",""status"":402}"
3443,"HTTP error 402: Payment Required. {""msg"":""Requests reach the upper limit. https://finmindtrade.com/"",""status"":402}"
3444,"HTTP error 402: Payment Required. {""msg"":""Requests reach the upper limit. https://finmindtrade.com/"",""status"":402}"
3447,"HTTP error 402: Payment Required. {""msg"":""Requests reach the upper limit. https://finmindtrade.com/"",""status"":402}"
3450,"HTTP error 402: Payment Required. {""msg"":""Requests reach the upper limit. https://finmindtrade.com/"",""status"":402}"
3454,"HTTP error 402: Payment Required. {""msg"":""Requests reach the upper limit. https://finmindtrade.com/"",""status"":402}"
3455,"HTTP error 402: Payment Required. {""msg"":""Requests reach the upper limit. https://finmindtrade.com/"",""status"":402}"
3465,"HTTP error 402: Payment Required. {""msg"":""Requests reach the upper limit. https://finmindtrade.com/"",""status"":402}"
3466,"HTTP error 402: Payment Required. {""msg"":""Requests reach the upper limit. https://finmindtrade.com/"",""status"":402}"
3467,"HTTP error 402: Payment Required. {""msg"":""Requests reach the upper limit. https://finmindtrade.com/"",""status"":402}"
3474,"HTTP error 402: Payment Required. {""msg"":""Requests reach the upper limit. https://finmindtrade.com/"",""status"":402}"
3479,"HTTP error 402: Payment Required. {""msg"":""Requests reach the upper limit. https://finmindtrade.com/"",""status"":402}"
3481,"HTTP error 402: Payment Required. {""msg"":""Requests reach the upper limit. https://finmindtrade.com/"",""status"":402}"
3483,"HTTP error 402: Payment Required. {""msg"":""Requests reach the upper limit. https://finmindtrade.com/"",""status"":402}"
3484,"HTTP error 402: Payment Required. {""msg"":""Requests reach the upper limit. https://finmindtrade.com/"",""status"":402}"
3489,"HTTP error 402: Payment Required. {""msg"":""Requests reach the upper limit. https://finmindtrade.com/"",""status"":402}"
3490,"HTTP error 402: Payment Required. {""msg"":""Requests reach the upper limit. https://finmindtrade.com/"",""status"":402}"
3491,"HTTP error 402: Payment Required. {""msg"":""Requests reach the upper limit. https://finmindtrade.com/"",""status"":402}"
3492,"HTTP error 402: Payment Required. {""msg"":""Requests reach the upper limit. https://finmindtrade.com/"",""status"":402}"
3494,"HTTP error 402: Payment Required. {""msg"":""Requests reach the upper limit. https://finmindtrade.com/"",""status"":402}"
3498,"HTTP error 402: Payment Required. {""msg"":""Requests reach the upper limit. https://finmindtrade.com/"",""status"":402}"
3499,"HTTP error 402: Payment Required. {""msg"":""Requests reach the upper limit. https://finmindtrade.com/"",""status"":402}"
3501,"HTTP error 402: Payment Required. {""msg"":""Requests reach the upper limit. https://finmindtrade.com/"",""status"":402}"
3504,"HTTP error 402: Payment Required. {""msg"":""Requests reach the upper limit. https://finmindtrade.com/"",""status"":402}"
3508,"HTTP error 402: Payment Required. {""msg"":""Requests reach the upper limit. https://finmindtrade.com/"",""status"":402}"
3511,"HTTP error 402: Payment Required. {""msg"":""Requests reach the upper limit. https://finmindtrade.com/"",""status"":402}"
3512,"HTTP error 402: Payment Required. {""msg"":""Requests reach the upper limit. https://finmindtrade.com/"",""status"":402}"
3514,"HTTP error 402: Payment Required. {""msg"":""Requests reach the upper limit. https://finmindtrade.com/"",""status"":402}"
3515,"HTTP error 402: Payment Required. {""msg"":""Requests reach the upper limit. https://finmindtrade.com/"",""status"":402}"
3516,"HTTP error 402: Payment Required. {""msg"":""Requests reach the upper limit. https://finmindtrade.com/"",""status"":402}"
3518,"HTTP error 402: Payment Required. {""msg"":""Requests reach the upper limit. https://finmindtrade.com/"",""status"":402}"
3519,"HTTP error 402: Payment Required. {""msg"":""Requests reach the upper limit. https://finmindtrade.com/"",""status"":402}"
3520,"HTTP error 402: Payment Required. {""msg"":""Requests reach the upper limit. https://finmindtrade.com/"",""status"":402}"
3521,"HTTP error 402: Payment Required. {""msg"":""Requests reach the upper limit. https://finmindtrade.com/"",""status"":402}"
3522,"HTTP error 402: Payment Required. {""msg"":""Requests reach the upper limit. https://finmindtrade.com/"",""status"":402}"
3523,"HTTP error 402: Payment Required. {""msg"":""Requests reach the upper limit. https://finmindtrade.com/"",""status"":402}"
3526,"HTTP error 402: Payment Required. {""msg"":""Requests reach the upper limit. https://finmindtrade.com/"",""status"":402}"
3527,"HTTP error 402: Payment Required. {""msg"":""Requests reach the upper limit. https://finmindtrade.com/"",""status"":402}"
3528,"HTTP error 402: Payment Required. {""msg"":""Requests reach the upper limit. https://finmindtrade.com/"",""status"":402}"
3529,"HTTP error 402: Payment Required. {""msg"":""Requests reach the upper limit. https://finmindtrade.com/"",""status"":402}"
3530,"HTTP error 402: Payment Required. {""msg"":""Requests reach the upper limit. https://finmindtrade.com/"",""status"":402}"
3531,"HTTP error 402: Payment Required. {""msg"":""Requests reach the upper limit. https://finmindtrade.com/"",""status"":402}"
3532,"HTTP error 402: Payment Required. {""msg"":""Requests reach the upper limit. https://finmindtrade.com/"",""status"":402}"
3533,"HTTP error 402: Payment Required. {""msg"":""Requests reach the upper limit. https://finmindtrade.com/"",""status"":402}"
3534,"HTTP error 402: Payment Required. {""msg"":""Requests reach the upper limit. https://finmindtrade.com/"",""status"":402}"
3535,"HTTP error 402: Payment Required. {""msg"":""Requests reach the upper limit. https://finmindtrade.com/"",""status"":402}"
3536,"HTTP error 402: Payment Required. {""msg"":""Requests reach the upper limit. https://finmindtrade.com/"",""status"":402}"
3537,"HTTP error 402: Payment Required. {""msg"":""Requests reach the upper limit. https://finmindtrade.com/"",""status"":402}"
3540,"HTTP error 402: Payment Required. {""msg"":""Requests reach the upper limit. https://finmindtrade.com/"",""status"":402}"
3541,"HTTP error 402: Payment Required. {""msg"":""Requests reach the upper limit. https://finmindtrade.com/"",""status"":402}"
3543,"HTTP error 402: Payment Required. {""msg"":""Requests reach the upper limit. https://finmindtrade.com/"",""status"":402}"
3545,"HTTP error 402: Payment Required. {""msg"":""Requests reach the upper limit. https://finmindtrade.com/"",""status"":402}"
3546,"HTTP error 402: Payment Required. {""msg"":""Requests reach the upper limit. https://finmindtrade.com/"",""status"":402}"
3548,"HTTP error 402: Payment Required. {""msg"":""Requests reach the upper limit. https://finmindtrade.com/"",""status"":402}"
3550,"HTTP error 402: Payment Required. {""msg"":""Requests reach the upper limit. https://finmindtrade.com/"",""status"":402}"
3551,"HTTP error 402: Payment Required. {""msg"":""Requests reach the upper limit. https://finmindtrade.com/"",""status"":402}"
3552,"HTTP error 402: Payment Required. {""msg"":""Requests reach the upper limit. https://finmindtrade.com/"",""status"":402}"
3555,"HTTP error 402: Payment Required. {""msg"":""Requests reach the upper limit. https://finmindtrade.com/"",""status"":402}"
3556,"HTTP error 402: Payment Required. {""msg"":""Requests reach the upper limit. https://finmindtrade.com/"",""status"":402}"
3557,"HTTP error 402: Payment Required. {""msg"":""Requests reach the upper limit. https://finmindtrade.com/"",""status"":402}"
3558,"HTTP error 402: Payment Required. {""msg"":""Requests reach the upper limit. https://finmindtrade.com/"",""status"":402}"
3559,"HTTP error 402: Payment Required. {""msg"":""Requests reach the upper limit. https://finmindtrade.com/"",""status"":402}"
3561,"HTTP error 402: Payment Required. {""msg"":""Requests reach the upper limit. https://finmindtrade.com/"",""status"":402}"
3563,"HTTP error 402: Payment Required. {""msg"":""Requests reach the upper limit. https://finmindtrade.com/"",""status"":402}"
3564,"HTTP error 402: Payment Required. {""msg"":""Requests reach the upper limit. https://finmindtrade.com/"",""status"":402}"
3567,"HTTP error 402: Payment Required. {""msg"":""Requests reach the upper limit. https://finmindtrade.com/"",""status"":402}"
3570,"HTTP error 402: Payment Required. {""msg"":""Requests reach the upper limit. https://finmindtrade.com/"",""status"":402}"
3573,"HTTP error 402: Payment Required. {""msg"":""Requests reach the upper limit. https://finmindtrade.com/"",""status"":402}"
3576,"HTTP error 402: Payment Required. {""msg"":""Requests reach the upper limit. https://finmindtrade.com/"",""status"":402}"
3577,"HTTP error 402: Payment Required. {""msg"":""Requests reach the upper limit. https://finmindtrade.com/"",""status"":402}"
3579,"HTTP error 402: Payment Required. {""msg"":""Requests reach the upper limit. https://finmindtrade.com/"",""status"":402}"
3580,"HTTP error 402: Payment Required. {""msg"":""Requests reach the upper limit. https://finmindtrade.com/"",""status"":402}"
3581,"HTTP error 402: Payment Required. {""msg"":""Requests reach the upper limit. https://finmindtrade.com/"",""status"":402}"
3583,"HTTP error 402: Payment Required. {""msg"":""Requests reach the upper limit. https://finmindtrade.com/"",""status"":402}"
3584,"HTTP error 402: Payment Required. {""msg"":""Requests reach the upper limit. https://finmindtrade.com/"",""status"":402}"
3587,"HTTP error 402: Payment Required. {""msg"":""Requests reach the upper limit. https://finmindtrade.com/"",""status"":402}"
3588,"HTTP error 402: Payment Required. {""msg"":""Requests reach the upper limit. https://finmindtrade.com/"",""status"":402}"
3591,"HTTP error 402: Payment Required. {""msg"":""Requests reach the upper limit. https://finmindtrade.com/"",""status"":402}"
3592,"HTTP error 402: Payment Required. {""msg"":""Requests reach the upper limit. https://finmindtrade.com/"",""status"":402}"
3593,"HTTP error 402: Payment Required. {""msg"":""Requests reach the upper limit. https://finmindtrade.com/"",""status"":402}"
3594,"HTTP error 402: Payment Required. {""msg"":""Requests reach the upper limit. https://finmindtrade.com/"",""status"":402}"
3596,"HTTP error 402: Payment Required. {""msg"":""Requests reach the upper limit. https://finmindtrade.com/"",""status"":402}"
3597,"HTTP error 402: Payment Required. {""msg"":""Requests reach the upper limit. https://finmindtrade.com/"",""status"":402}"
3598,"HTTP error 402: Payment Required. {""msg"":""Requests reach the upper limit. https://finmindtrade.com/"",""status"":402}"
3599,"HTTP error 402: Payment Required. {""msg"":""Requests reach the upper limit. https://finmindtrade.com/"",""status"":402}"
3605,"HTTP error 402: Payment Required. {""msg"":""Requests reach the upper limit. https://finmindtrade.com/"",""status"":402}"
3607,"HTTP error 402: Payment Required. {""msg"":""Requests reach the upper limit. https://finmindtrade.com/"",""status"":402}"
3609,"HTTP error 402: Payment Required. {""msg"":""Requests reach the upper limit. https://finmindtrade.com/"",""status"":402}"
3611,"HTTP error 402: Payment Required. {""msg"":""Requests reach the upper limit. https://finmindtrade.com/"",""status"":402}"
3614,"HTTP error 402: Payment Required. {""msg"":""Requests reach the upper limit. https://finmindtrade.com/"",""status"":402}"
3615,"HTTP error 402: Payment Required. {""msg"":""Requests reach the upper limit. https://finmindtrade.com/"",""status"":402}"
3617,"HTTP error 402: Payment Required. {""msg"":""Requests reach the upper limit. https://finmindtrade.com/"",""status"":402}"
3622,"HTTP error 402: Payment Required. {""msg"":""Requests reach the upper limit. https://finmindtrade.com/"",""status"":402}"
3623,"HTTP error 402: Payment Required. {""msg"":""Requests reach the upper limit. https://finmindtrade.com/"",""status"":402}"
3624,"HTTP error 402: Payment Required. {""msg"":""Requests reach the upper limit. https://finmindtrade.com/"",""status"":402}"
3625,"HTTP error 402: Payment Required. {""msg"":""Requests reach the upper limit. https://finmindtrade.com/"",""status"":402}"
3628,"HTTP error 402: Payment Required. {""msg"":""Requests reach the upper limit. https://finmindtrade.com/"",""status"":402}"
3629,"HTTP error 402: Payment Required. {""msg"":""Requests reach the upper limit. https://finmindtrade.com/"",""status"":402}"
3630,"HTTP error 402: Payment Required. {""msg"":""Requests reach the upper limit. https://finmindtrade.com/"",""status"":402}"
3631,"HTTP error 402: Payment Required. {""msg"":""Requests reach the upper limit. https://finmindtrade.com/"",""status"":402}"
3632,"HTTP error 402: Payment Required. {""msg"":""Requests reach the upper limit. https://finmindtrade.com/"",""status"":402}"
3638,"HTTP error 402: Payment Required. {""msg"":""Requests reach the upper limit. https://finmindtrade.com/"",""status"":402}"
3642,"HTTP error 402: Payment Required. {""msg"":""Requests reach the upper limit. https://finmindtrade.com/"",""status"":402}"
3645,"HTTP error 402: Payment Required. {""msg"":""Requests reach the upper limit. https://finmindtrade.com/"",""status"":402}"
3646,"HTTP error 402: Payment Required. {""msg"":""Requests reach the upper limit. https://finmindtrade.com/"",""status"":402}"
3652,"HTTP error 402: Payment Required. {""msg"":""Requests reach the upper limit. https://finmindtrade.com/"",""status"":402}"
3653,"HTTP error 402: Payment Required. {""msg"":""Requests reach the upper limit. https://finmindtrade.com/"",""status"":402}"
3661,"HTTP error 402: Payment Required. {""msg"":""Requests reach the upper limit. https://finmindtrade.com/"",""status"":402}"
3663,"HTTP error 402: Payment Required. {""msg"":""Requests reach the upper limit. https://finmindtrade.com/"",""status"":402}"
3664,"HTTP error 402: Payment Required. {""msg"":""Requests reach the upper limit. https://finmindtrade.com/"",""status"":402}"
3665,"HTTP error 402: Payment Required. {""msg"":""Requests reach the upper limit. https://finmindtrade.com/"",""status"":402}"
3666,"HTTP error 402: Payment Required. {""msg"":""Requests reach the upper limit. https://finmindtrade.com/"",""status"":402}"
3669,"HTTP error 402: Payment Required. {""msg"":""Requests reach the upper limit. https://finmindtrade.com/"",""status"":402}"
3672,"HTTP error 402: Payment Required. {""msg"":""Requests reach the upper limit. https://finmindtrade.com/"",""status"":402}"
3673,"HTTP error 402: Payment Required. {""msg"":""Requests reach the upper limit. https://finmindtrade.com/"",""status"":402}"
3675,"HTTP error 402: Payment Required. {""msg"":""Requests reach the upper limit. https://finmindtrade.com/"",""status"":402}"
3679,"HTTP error 402: Payment Required. {""msg"":""Requests reach the upper limit. https://finmindtrade.com/"",""status"":402}"
3680,"HTTP error 402: Payment Required. {""msg"":""Requests reach the upper limit. https://finmindtrade.com/"",""status"":402}"
3682,"HTTP error 402: Payment Required. {""msg"":""Requests reach the upper limit. https://finmindtrade.com/"",""status"":402}"
3684,"HTTP error 402: Payment Required. {""msg"":""Requests reach the upper limit. https://finmindtrade.com/"",""status"":402}"
3685,"HTTP error 402: Payment Required. {""msg"":""Requests reach the upper limit. https://finmindtrade.com/"",""status"":402}"
3686,"HTTP error 402: Payment Required. {""msg"":""Requests reach the upper limit. https://finmindtrade.com/"",""status"":402}"
3687,"HTTP error 402: Payment Required. {""msg"":""Requests reach the upper limit. https://finmindtrade.com/"",""status"":402}"
3689,"HTTP error 402: Payment Required. {""msg"":""Requests reach the upper limit. https://finmindtrade.com/"",""status"":402}"
3691,"HTTP error 402: Payment Required. {""msg"":""Requests reach the upper limit. https://finmindtrade.com/"",""status"":402}"
3693,"HTTP error 402: Payment Required. {""msg"":""Requests reach the upper limit. https://finmindtrade.com/"",""status"":402}"
3694,"HTTP error 402: Payment Required. {""msg"":""Requests reach the upper limit. https://finmindtrade.com/"",""status"":402}"
3697,"HTTP error 402: Payment Required. {""msg"":""Requests reach the upper limit. https://finmindtrade.com/"",""status"":402}"
3698,"HTTP error 402: Payment Required. {""msg"":""Requests reach the upper limit. https://finmindtrade.com/"",""status"":402}"
3701,"HTTP error 402: Payment Required. {""msg"":""Requests reach the upper limit. https://finmindtrade.com/"",""status"":402}"
3702,"HTTP error 402: Payment Required. {""msg"":""Requests reach the upper limit. https://finmindtrade.com/"",""status"":402}"
3703,"HTTP error 402: Payment Required. {""msg"":""Requests reach the upper limit. https://finmindtrade.com/"",""status"":402}"
3704,"HTTP error 402: Payment Required. {""msg"":""Requests reach the upper limit. https://finmindtrade.com/"",""status"":402}"
3705,"HTTP error 402: Payment Required. {""msg"":""Requests reach the upper limit. https://finmindtrade.com/"",""status"":402}"
3706,"HTTP error 402: Payment Required. {""msg"":""Requests reach the upper limit. https://finmindtrade.com/"",""status"":402}"
3707,"HTTP error 402: Payment Required. {""msg"":""Requests reach the upper limit. https://finmindtrade.com/"",""status"":402}"
3708,"HTTP error 402: Payment Required. {""msg"":""Requests reach the upper limit. https://finmindtrade.com/"",""status"":402}"
3709,"HTTP error 402: Payment Required. {""msg"":""Requests reach the upper limit. https://finmindtrade.com/"",""status"":402}"
3710,"HTTP error 402: Payment Required. {""msg"":""Requests reach the upper limit. https://finmindtrade.com/"",""status"":402}"
3711,"HTTP error 402: Payment Required. {""msg"":""Requests reach the upper limit. https://finmindtrade.com/"",""status"":402}"
3712,"HTTP error 402: Payment Required. {""msg"":""Requests reach the upper limit. https://finmindtrade.com/"",""status"":402}"
3713,"HTTP error 402: Payment Required. {""msg"":""Requests reach the upper limit. https://finmindtrade.com/"",""status"":402}"
3714,"HTTP error 402: Payment Required. {""msg"":""Requests reach the upper limit. https://finmindtrade.com/"",""status"":402}"
3715,"HTTP error 402: Payment Required. {""msg"":""Requests reach the upper limit. https://finmindtrade.com/"",""status"":402}"
3716,"HTTP error 402: Payment Required. {""msg"":""Requests reach the upper limit. https://finmindtrade.com/"",""status"":402}"
3717,"HTTP error 402: Payment Required. {""msg"":""Requests reach the upper limit. https://finmindtrade.com/"",""status"":402}"
4102,"HTTP error 402: Payment Required. {""msg"":""Requests reach the upper limit. https://finmindtrade.com/"",""status"":402}"
4104,"HTTP error 402: Payment Required. {""msg"":""Requests reach the upper limit. https://finmindtrade.com/"",""status"":402}"
4105,"HTTP error 402: Payment Required. {""msg"":""Requests reach the upper limit. https://finmindtrade.com/"",""status"":402}"
4106,"HTTP error 402: Payment Required. {""msg"":""Requests reach the upper limit. https://finmindtrade.com/"",""status"":402}"
4107,"HTTP error 402: Payment Required. {""msg"":""Requests reach the upper limit. https://finmindtrade.com/"",""status"":402}"
4108,"HTTP error 402: Payment Required. {""msg"":""Requests reach the upper limit. https://finmindtrade.com/"",""status"":402}"
4109,"HTTP error 402: Payment Required. {""msg"":""Requests reach the upper limit. https://finmindtrade.com/"",""status"":402}"
4111,"HTTP error 402: Payment Required. {""msg"":""Requests reach the upper limit. https://finmindtrade.com/"",""status"":402}"
4113,"HTTP error 402: Payment Required. {""msg"":""Requests reach the upper limit. https://finmindtrade.com/"",""status"":402}"
4114,"HTTP error 402: Payment Required. {""msg"":""Requests reach the upper limit. https://finmindtrade.com/"",""status"":402}"
4116,"HTTP error 402: Payment Required. {""msg"":""Requests reach the upper limit. https://finmindtrade.com/"",""status"":402}"
4119,"HTTP error 402: Payment Required. {""msg"":""Requests reach the upper limit. https://finmindtrade.com/"",""status"":402}"
4120,"HTTP error 402: Payment Required. {""msg"":""Requests reach the upper limit. https://finmindtrade.com/"",""status"":402}"
4121,"HTTP error 402: Payment Required. {""msg"":""Requests reach the upper limit. https://finmindtrade.com/"",""status"":402}"
4123,"HTTP error 402: Payment Required. {""msg"":""Requests reach the upper limit. https://finmindtrade.com/"",""status"":402}"
4126,"HTTP error 402: Payment Required. {""msg"":""Requests reach the upper limit. https://finmindtrade.com/"",""status"":402}"
4127,"HTTP error 402: Payment Required. {""msg"":""Requests reach the upper limit. https://finmindtrade.com/"",""status"":402}"
4128,"HTTP error 402: Payment Required. {""msg"":""Requests reach the upper limit. https://finmindtrade.com/"",""status"":402}"
4129,"HTTP error 402: Payment Required. {""msg"":""Requests reach the upper limit. https://finmindtrade.com/"",""status"":402}"
4130,"HTTP error 402: Payment Required. {""msg"":""Requests reach the upper limit. https://finmindtrade.com/"",""status"":402}"
4131,"HTTP error 402: Payment Required. {""msg"":""Requests reach the upper limit. https://finmindtrade.com/"",""status"":402}"
4133,"HTTP error 402: Payment Required. {""msg"":""Requests reach the upper limit. https://finmindtrade.com/"",""status"":402}"
4137,"HTTP error 402: Payment Required. {""msg"":""Requests reach the upper limit. https://finmindtrade.com/"",""status"":402}"
4138,"HTTP error 402: Payment Required. {""msg"":""Requests reach the upper limit. https://finmindtrade.com/"",""status"":402}"
4139,"HTTP error 402: Payment Required. {""msg"":""Requests reach the upper limit. https://finmindtrade.com/"",""status"":402}"
4141,"HTTP error 402: Payment Required. {""msg"":""Requests reach the upper limit. https://finmindtrade.com/"",""status"":402}"
4142,"HTTP error 402: Payment Required. {""msg"":""Requests reach the upper limit. https://finmindtrade.com/"",""status"":402}"
4144,"HTTP error 402: Payment Required. {""msg"":""Requests reach the upper limit. https://finmindtrade.com/"",""status"":402}"
4147,"HTTP error 402: Payment Required. {""msg"":""Requests reach the upper limit. https://finmindtrade.com/"",""status"":402}"
4148,"HTTP error 402: Payment Required. {""msg"":""Requests reach the upper limit. https://finmindtrade.com/"",""status"":402}"
4152,"HTTP error 402: Payment Required. {""msg"":""Requests reach the upper limit. https://finmindtrade.com/"",""status"":402}"
4153,"HTTP error 402: Payment Required. {""msg"":""Requests reach the upper limit. https://finmindtrade.com/"",""status"":402}"
4154,"HTTP error 402: Payment Required. {""msg"":""Requests reach the upper limit. https://finmindtrade.com/"",""status"":402}"
4155,"HTTP error 402: Payment Required. {""msg"":""Requests reach the upper limit. https://finmindtrade.com/"",""status"":402}"
4157,"HTTP error 402: Payment Required. {""msg"":""Requests reach the upper limit. https://finmindtrade.com/"",""status"":402}"
4160,"HTTP error 402: Payment Required. {""msg"":""Requests reach the upper limit. https://finmindtrade.com/"",""status"":402}"
4161,"HTTP error 402: Payment Required. {""msg"":""Requests reach the upper limit. https://finmindtrade.com/"",""status"":402}"
4162,"HTTP error 402: Payment Required. {""msg"":""Requests reach the upper limit. https://finmindtrade.com/"",""status"":402}"
4163,"HTTP error 402: Payment Required. {""msg"":""Requests reach the upper limit. https://finmindtrade.com/"",""status"":402}"
4164,"HTTP error 402: Payment Required. {""msg"":""Requests reach the upper limit. https://finmindtrade.com/"",""status"":402}"
4166,"HTTP error 402: Payment Required. {""msg"":""Requests reach the upper limit. https://finmindtrade.com/"",""status"":402}"
4167,"HTTP error 402: Payment Required. {""msg"":""Requests reach the upper limit. https://finmindtrade.com/"",""status"":402}"
4168,"HTTP error 402: Payment Required. {""msg"":""Requests reach the upper limit. https://finmindtrade.com/"",""status"":402}"
4171,"HTTP error 402: Payment Required. {""msg"":""Requests reach the upper limit. https://finmindtrade.com/"",""status"":402}"
4173,"HTTP error 402: Payment Required. {""msg"":""Requests reach the upper limit. https://finmindtrade.com/"",""status"":402}"
4174,"HTTP error 402: Payment Required. {""msg"":""Requests reach the upper limit. https://finmindtrade.com/"",""status"":402}"
4175,"HTTP error 402: Payment Required. {""msg"":""Requests reach the upper limit. https://finmindtrade.com/"",""status"":402}"
4183,"HTTP error 402: Payment Required. {""msg"":""Requests reach the upper limit. https://finmindtrade.com/"",""status"":402}"
4188,"HTTP error 402: Payment Required. {""msg"":""Requests reach the upper limit. https://finmindtrade.com/"",""status"":402}"
4190,"HTTP error 402: Payment Required. {""msg"":""Requests reach the upper limit. https://finmindtrade.com/"",""status"":402}"
4192,"HTTP error 402: Payment Required. {""msg"":""Requests reach the upper limit. https://finmindtrade.com/"",""status"":402}"
4198,"HTTP error 402: Payment Required. {""msg"":""Requests reach the upper limit. https://finmindtrade.com/"",""status"":402}"
4205,"HTTP error 402: Payment Required. {""msg"":""Requests reach the upper limit. https://finmindtrade.com/"",""status"":402}"
4207,"HTTP error 402: Payment Required. {""msg"":""Requests reach the upper limit. https://finmindtrade.com/"",""status"":402}"
4303,"HTTP error 402: Payment Required. {""msg"":""Requests reach the upper limit. https://finmindtrade.com/"",""status"":402}"
4304,"HTTP error 402: Payment Required. {""msg"":""Requests reach the upper limit. https://finmindtrade.com/"",""status"":402}"
4305,"HTTP error 402: Payment Required. {""msg"":""Requests reach the upper limit. https://finmindtrade.com/"",""status"":402}"
4306,"HTTP error 402: Payment Required. {""msg"":""Requests reach the upper limit. https://finmindtrade.com/"",""status"":402}"
4401,"HTTP error 402: Payment Required. {""msg"":""Requests reach the upper limit. https://finmindtrade.com/"",""status"":402}"
4402,"HTTP error 402: Payment Required. {""msg"":""Requests reach the upper limit. https://finmindtrade.com/"",""status"":402}"
4406,"HTTP error 402: Payment Required. {""msg"":""Requests reach the upper limit. https://finmindtrade.com/"",""status"":402}"
4413,"HTTP error 402: Payment Required. {""msg"":""Requests reach the upper limit. https://finmindtrade.com/"",""status"":402}"
4414,"HTTP error 402: Payment Required. {""msg"":""Requests reach the upper limit. https://finmindtrade.com/"",""status"":402}"
4416,"HTTP error 402: Payment Required. {""msg"":""Requests reach the upper limit. https://finmindtrade.com/"",""status"":402}"
4417,"HTTP error 402: Payment Required. {""msg"":""Requests reach the upper limit. https://finmindtrade.com/"",""status"":402}"
4419,"HTTP error 402: Payment Required. {""msg"":""Requests reach the upper limit. https://finmindtrade.com/"",""status"":402}"
4420,"HTTP error 402: Payment Required. {""msg"":""Requests reach the upper limit. https://finmindtrade.com/"",""status"":402}"
4426,"HTTP error 402: Payment Required. {""msg"":""Requests reach the upper limit. https://finmindtrade.com/"",""status"":402}"
4429,"HTTP error 402: Payment Required. {""msg"":""Requests reach the upper limit. https://finmindtrade.com/"",""status"":402}"
4430,"HTTP error 402: Payment Required. {""msg"":""Requests reach the upper limit. https://finmindtrade.com/"",""status"":402}"
4432,"HTTP error 402: Payment Required. {""msg"":""Requests reach the upper limit. https://finmindtrade.com/"",""status"":402}"
4433,"HTTP error 402: Payment Required. {""msg"":""Requests reach the upper limit. https://finmindtrade.com/"",""status"":402}"
4438,"HTTP error 402: Payment Required. {""msg"":""Requests reach the upper limit. https://finmindtrade.com/"",""status"":402}"
4439,"HTTP error 402: Payment Required. {""msg"":""Requests reach the upper limit. https://finmindtrade.com/"",""status"":402}"
4440,"HTTP error 402: Payment Required. {""msg"":""Requests reach the upper limit. https://finmindtrade.com/"",""status"":402}"
4441,"HTTP error 402: Payment Required. {""msg"":""Requests reach the upper limit. https://finmindtrade.com/"",""status"":402}"
4442,"HTTP error 402: Payment Required. {""msg"":""Requests reach the upper limit. https://finmindtrade.com/"",""status"":402}"
4502,"HTTP error 402: Payment Required. {""msg"":""Requests reach the upper limit. https://finmindtrade.com/"",""status"":402}"
4503,"HTTP error 402: Payment Required. {""msg"":""Requests reach the upper limit. https://finmindtrade.com/"",""status"":402}"
4506,"HTTP error 402: Payment Required. {""msg"":""Requests reach the upper limit. https://finmindtrade.com/"",""status"":402}"
4510,"HTTP error 402: Payment Required. {""msg"":""Requests reach the upper limit. https://finmindtrade.com/"",""status"":402}"
4513,"HTTP error 402: Payment Required. {""msg"":""Requests reach the upper limit. https://finmindtrade.com/"",""status"":402}"
4523,"HTTP error 402: Payment Required. {""msg"":""Requests reach the upper limit. https://finmindtrade.com/"",""status"":402}"
4526,"HTTP error 402: Payment Required. {""msg"":""Requests reach the upper limit. https://finmindtrade.com/"",""status"":402}"
4527,"HTTP error 402: Payment Required. {""msg"":""Requests reach the upper limit. https://finmindtrade.com/"",""status"":402}"
4528,"HTTP error 402: Payment Required. {""msg"":""Requests reach the upper limit. https://finmindtrade.com/"",""status"":402}"
4529,"HTTP error 402: Payment Required. {""msg"":""Requests reach the upper limit. https://finmindtrade.com/"",""status"":402}"
4530,"HTTP error 402: Payment Required. {""msg"":""Requests reach the upper limit. https://finmindtrade.com/"",""status"":402}"
4532,"HTTP error 402: Payment Required. {""msg"":""Requests reach the upper limit. https://finmindtrade.com/"",""status"":402}"
4533,"HTTP error 402: Payment Required. {""msg"":""Requests reach the upper limit. https://finmindtrade.com/"",""status"":402}"
4534,"HTTP error 402: Payment Required. {""msg"":""Requests reach the upper limit. https://finmindtrade.com/"",""status"":402}"
4535,"HTTP error 402: Payment Required. {""msg"":""Requests reach the upper limit. https://finmindtrade.com/"",""status"":402}"
4536,"HTTP error 402: Payment Required. {""msg"":""Requests reach the upper limit. https://finmindtrade.com/"",""status"":402}"
4538,"HTTP error 402: Payment Required. {""msg"":""Requests reach the upper limit. https://finmindtrade.com/"",""status"":402}"
4540,"HTTP error 402: Payment Required. {""msg"":""Requests reach the upper limit. https://finmindtrade.com/"",""status"":402}"
4541,"HTTP error 402: Payment Required. {""msg"":""Requests reach the upper limit. https://finmindtrade.com/"",""status"":402}"
4542,"HTTP error 402: Payment Required. {""msg"":""Requests reach the upper limit. https://finmindtrade.com/"",""status"":402}"
4543,"HTTP error 402: Payment Required. {""msg"":""Requests reach the upper limit. https://finmindtrade.com/"",""status"":402}"
4545,"HTTP error 402: Payment Required. {""msg"":""Requests reach the upper limit. https://finmindtrade.com/"",""status"":402}"
4549,"HTTP error 402: Payment Required. {""msg"":""Requests reach the upper limit. https://finmindtrade.com/"",""status"":402}"
4550,"HTTP error 402: Payment Required. {""msg"":""Requests reach the upper limit. https://finmindtrade.com/"",""status"":402}"
4551,"HTTP error 402: Payment Required. {""msg"":""Requests reach the upper limit. https://finmindtrade.com/"",""status"":402}"
4552,"HTTP error 402: Payment Required. {""msg"":""Requests reach the upper limit. https://finmindtrade.com/"",""status"":402}"
4554,"HTTP error 402: Payment Required. {""msg"":""Requests reach the upper limit. https://finmindtrade.com/"",""status"":402}"
4555,"HTTP error 402: Payment Required. {""msg"":""Requests reach the upper limit. https://finmindtrade.com/"",""status"":402}"
4556,"HTTP error 402: Payment Required. {""msg"":""Requests reach the upper limit. https://finmindtrade.com/"",""status"":402}"
4557,"HTTP error 402: Payment Required. {""msg"":""Requests reach the upper limit. https://finmindtrade.com/"",""status"":402}"
4558,"HTTP error 402: Payment Required. {""msg"":""Requests reach the upper limit. https://finmindtrade.com/"",""status"":402}"
4560,"HTTP error 402: Payment Required. {""msg"":""Requests reach the upper limit. https://finmindtrade.com/"",""status"":402}"
4725,"HTTP error 402: Payment Required. {""msg"":""Requests reach the upper limit. https://finmindtrade.com/"",""status"":402}"
4726,"HTTP error 402: Payment Required. {""msg"":""Requests reach the upper limit. https://finmindtrade.com/"",""status"":402}"
4728,"HTTP error 402: Payment Required. {""msg"":""Requests reach the upper limit. https://finmindtrade.com/"",""status"":402}"
4729,"HTTP error 402: Payment Required. {""msg"":""Requests reach the upper limit. https://finmindtrade.com/"",""status"":402}"
4733,"HTTP error 402: Payment Required. {""msg"":""Requests reach the upper limit. https://finmindtrade.com/"",""status"":402}"
4735,"HTTP error 402: Payment Required. {""msg"":""Requests reach the upper limit. https://finmindtrade.com/"",""status"":402}"
4736,"HTTP error 402: Payment Required. {""msg"":""Requests reach the upper limit. https://finmindtrade.com/"",""status"":402}"
4737,"HTTP error 402: Payment Required. {""msg"":""Requests reach the upper limit. https://finmindtrade.com/"",""status"":402}"
4739,"HTTP error 402: Payment Required. {""msg"":""Requests reach the upper limit. https://finmindtrade.com/"",""status"":402}"
4741,"HTTP error 402: Payment Required. {""msg"":""Requests reach the upper limit. https://finmindtrade.com/"",""status"":402}"
4743,"HTTP error 402: Payment Required. {""msg"":""Requests reach the upper limit. https://finmindtrade.com/"",""status"":402}"
4744,"HTTP error 402: Payment Required. {""msg"":""Requests reach the upper limit. https://finmindtrade.com/"",""status"":402}"
4745,"HTTP error 402: Payment Required. {""msg"":""Requests reach the upper limit. https://finmindtrade.com/"",""status"":402}"
4746,"HTTP error 402: Payment Required. {""msg"":""Requests reach the upper limit. https://finmindtrade.com/"",""status"":402}"
4747,"HTTP error 402: Payment Required. {""msg"":""Requests reach the upper limit. https://finmindtrade.com/"",""status"":402}"
4749,"HTTP error 402: Payment Required. {""msg"":""Requests reach the upper limit. https://finmindtrade.com/"",""status"":402}"
4754,"HTTP error 402: Payment Required. {""msg"":""Requests reach the upper limit. https://finmindtrade.com/"",""status"":402}"
4755,"HTTP error 402: Payment Required. {""msg"":""Requests reach the upper limit. https://finmindtrade.com/"",""status"":402}"
4760,"HTTP error 402: Payment Required. {""msg"":""Requests reach the upper limit. https://finmindtrade.com/"",""status"":402}"
4763,"HTTP error 402: Payment Required. {""msg"":""Requests reach the upper limit. https://finmindtrade.com/"",""status"":402}"
4764,"HTTP error 402: Payment Required. {""msg"":""Requests reach the upper limit. https://finmindtrade.com/"",""status"":402}"
4766,"HTTP error 402: Payment Required. {""msg"":""Requests reach the upper limit. https://finmindtrade.com/"",""status"":402}"
4767,"HTTP error 402: Payment Required. {""msg"":""Requests reach the upper limit. https://finmindtrade.com/"",""status"":402}"
4768,"HTTP error 402: Payment Required. {""msg"":""Requests reach the upper limit. https://finmindtrade.com/"",""status"":402}"
4770,"HTTP error 402: Payment Required. {""msg"":""Requests reach the upper limit. https://finmindtrade.com/"",""status"":402}"
4771,"HTTP error 402: Payment Required. {""msg"":""Requests reach the upper limit. https://finmindtrade.com/"",""status"":402}"
4772,"HTTP error 402: Payment Required. {""msg"":""Requests reach the upper limit. https://finmindtrade.com/"",""status"":402}"
4803,"HTTP error 402: Payment Required. {""msg"":""Requests reach the upper limit. https://finmindtrade.com/"",""status"":402}"
4804,"HTTP error 402: Payment Required. {""msg"":""Requests reach the upper limit. https://finmindtrade.com/"",""status"":402}"
4806,"HTTP error 402: Payment Required. {""msg"":""Requests reach the upper limit. https://finmindtrade.com/"",""status"":402}"
4807,"HTTP error 402: Payment Required. {""msg"":""Requests reach the upper limit. https://finmindtrade.com/"",""status"":402}"
4903,"HTTP error 402: Payment Required. {""msg"":""Requests reach the upper limit. https://finmindtrade.com/"",""status"":402}"
4904,"HTTP error 402: Payment Required. {""msg"":""Requests reach the upper limit. https://finmindtrade.com/"",""status"":402}"
4905,"HTTP error 402: Payment Required. {""msg"":""Requests reach the upper limit. https://finmindtrade.com/"",""status"":402}"
4906,"HTTP error 402: Payment Required. {""msg"":""Requests reach the upper limit. https://finmindtrade.com/"",""status"":402}"
4907,"HTTP error 402: Payment Required. {""msg"":""Requests reach the upper limit. https://finmindtrade.com/"",""status"":402}"
4908,"HTTP error 402: Payment Required. {""msg"":""Requests reach the upper limit. https://finmindtrade.com/"",""status"":402}"
4909,"HTTP error 402: Payment Required. {""msg"":""Requests reach the upper limit. https://finmindtrade.com/"",""status"":402}"
4911,"HTTP error 402: Payment Required. {""msg"":""Requests reach the upper limit. https://finmindtrade.com/"",""status"":402}"
4912,"HTTP error 402: Payment Required. {""msg"":""Requests reach the upper limit. https://finmindtrade.com/"",""status"":402}"
4915,"HTTP error 402: Payment Required. {""msg"":""Requests reach the upper limit. https://finmindtrade.com/"",""status"":402}"
6661,"HTTP error 402: Payment Required. {""msg"":""Requests reach the upper limit. https://finmindtrade.com/"",""status"":402}"
6662,"HTTP error 402: Payment Required. {""msg"":""Requests reach the upper limit. https://finmindtrade.com/"",""status"":402}"
6664,"HTTP error 402: Payment Required. {""msg"":""Requests reach the upper limit. https://finmindtrade.com/"",""status"":402}"
6666,"HTTP error 402: Payment Required. {""msg"":""Requests reach the upper limit. https://finmindtrade.com/"",""status"":402}"
6667,"HTTP error 402: Payment Required. {""msg"":""Requests reach the upper limit. https://finmindtrade.com/"",""status"":402}"
6668,"HTTP error 402: Payment Required. {""msg"":""Requests reach the upper limit. https://finmindtrade.com/"",""status"":402}"
6669,"HTTP error 402: Payment Required. {""msg"":""Requests reach the upper limit. https://finmindtrade.com/"",""status"":402}"
6670,"HTTP error 402: Payment Required. {""msg"":""Requests reach the upper limit. https://finmindtrade.com/"",""status"":402}"
6671,"HTTP error 402: Payment Required. {""msg"":""Requests reach the upper limit. https://finmindtrade.com/"",""status"":402}"
6672,"HTTP error 402: Payment Required. {""msg"":""Requests reach the upper limit. https://finmindtrade.com/"",""status"":402}"
6674,"HTTP error 402: Payment Required. {""msg"":""Requests reach the upper limit. https://finmindtrade.com/"",""status"":402}"
6679,"HTTP error 402: Payment Required. {""msg"":""Requests reach the upper limit. https://finmindtrade.com/"",""status"":402}"
6680,"HTTP error 402: Payment Required. {""msg"":""Requests reach the upper limit. https://finmindtrade.com/"",""status"":402}"
6683,"HTTP error 402: Payment Required. {""msg"":""Requests reach the upper limit. https://finmindtrade.com/"",""status"":402}"
6684,"HTTP error 402: Payment Required. {""msg"":""Requests reach the upper limit. https://finmindtrade.com/"",""status"":402}"
6689,"HTTP error 402: Payment Required. {""msg"":""Requests reach the upper limit. https://finmindtrade.com/"",""status"":402}"
6690,"HTTP error 402: Payment Required. {""msg"":""Requests reach the upper limit. https://finmindtrade.com/"",""status"":402}"
6691,"HTTP error 402: Payment Required. {""msg"":""Requests reach the upper limit. https://finmindtrade.com/"",""status"":402}"
6692,"HTTP error 402: Payment Required. {""msg"":""Requests reach the upper limit. https://finmindtrade.com/"",""status"":402}"
6693,"HTTP error 402: Payment Required. {""msg"":""Requests reach the upper limit. https://finmindtrade.com/"",""status"":402}"
6695,"HTTP error 402: Payment Required. {""msg"":""Requests reach the upper limit. https://finmindtrade.com/"",""status"":402}"
6697,"HTTP error 402: Payment Required. {""msg"":""Requests reach the upper limit. https://finmindtrade.com/"",""status"":402}"
6698,"HTTP error 402: Payment Required. {""msg"":""Requests reach the upper limit. https://finmindtrade.com/"",""status"":402}"
6702,"HTTP error 402: Payment Required. {""msg"":""Requests reach the upper limit. https://finmindtrade.com/"",""status"":402}"
6703,"HTTP error 402: Payment Required. {""msg"":""Requests reach the upper limit. https://finmindtrade.com/"",""status"":402}"
6706,"HTTP error 402: Payment Required. {""msg"":""Requests reach the upper limit. https://finmindtrade.com/"",""status"":402}"
6708,"HTTP error 402: Payment Required. {""msg"":""Requests reach the upper limit. https://finmindtrade.com/"",""status"":402}"
6712,"HTTP error 402: Payment Required. {""msg"":""Requests reach the upper limit. https://finmindtrade.com/"",""status"":402}"
6715,"HTTP error 402: Payment Required. {""msg"":""Requests reach the upper limit. https://finmindtrade.com/"",""status"":402}"
6716,"HTTP error 402: Payment Required. {""msg"":""Requests reach the upper limit. https://finmindtrade.com/"",""status"":402}"
6719,"HTTP error 402: Payment Required. {""msg"":""Requests reach the upper limit. https://finmindtrade.com/"",""status"":402}"
6720,"HTTP error 402: Payment Required. {""msg"":""Requests reach the upper limit. https://finmindtrade.com/"",""status"":402}"
6721,"HTTP error 402: Payment Required. {""msg"":""Requests reach the upper limit. https://finmindtrade.com/"",""status"":402}"
6722,"HTTP error 402: Payment Required. {""msg"":""Requests reach the upper limit. https://finmindtrade.com/"",""status"":402}"
6725,"HTTP error 402: Payment Required. {""msg"":""Requests reach the upper limit. https://finmindtrade.com/"",""status"":402}"
6727,"HTTP error 402: Payment Required. {""msg"":""Requests reach the upper limit. https://finmindtrade.com/"",""status"":402}"
6728,"HTTP error 402: Payment Required. {""msg"":""Requests reach the upper limit. https://finmindtrade.com/"",""status"":402}"
6730,"HTTP error 402: Payment Required. {""msg"":""Requests reach the upper limit. https://finmindtrade.com/"",""status"":402}"
6732,"HTTP error 402: Payment Required. {""msg"":""Requests reach the upper limit. https://finmindtrade.com/"",""status"":402}"
6733,"HTTP error 402: Payment Required. {""msg"":""Requests reach the upper limit. https://finmindtrade.com/"",""status"":402}"
6735,"HTTP error 402: Payment Required. {""msg"":""Requests reach the upper limit. https://finmindtrade.com/"",""status"":402}"
6739,"HTTP error 402: Payment Required. {""msg"":""Requests reach the upper limit. https://finmindtrade.com/"",""status"":402}"
6862,"HTTP error 402: Payment Required. {""msg"":""Requests reach the upper limit. https://finmindtrade.com/"",""status"":402}"
6863,"HTTP error 402: Payment Required. {""msg"":""Requests reach the upper limit. https://finmindtrade.com/"",""status"":402}"
6865,"HTTP error 402: Payment Required. {""msg"":""Requests reach the upper limit. https://finmindtrade.com/"",""status"":402}"
6869,"HTTP error 402: Payment Required. {""msg"":""Requests reach the upper limit. https://finmindtrade.com/"",""status"":402}"
6870,"HTTP error 402: Payment Required. {""msg"":""Requests reach the upper limit. https://finmindtrade.com/"",""status"":402}"
6872,"HTTP error 402: Payment Required. {""msg"":""Requests reach the upper limit. https://finmindtrade.com/"",""status"":402}"
6873,"HTTP error 402: Payment Required. {""msg"":""Requests reach the upper limit. https://finmindtrade.com/"",""status"":402}"
6874,"HTTP error 402: Payment Required. {""msg"":""Requests reach the upper limit. https://finmindtrade.com/"",""status"":402}"
6875,"HTTP error 402: Payment Required. {""msg"":""Requests reach the upper limit. https://finmindtrade.com/"",""status"":402}"
6877,"HTTP error 402: Payment Required. {""msg"":""Requests reach the upper limit. https://finmindtrade.com/"",""status"":402}"
6881,"HTTP error 402: Payment Required. {""msg"":""Requests reach the upper limit. https://finmindtrade.com/"",""status"":402}"
6884,"HTTP error 402: Payment Required. {""msg"":""Requests reach the upper limit. https://finmindtrade.com/"",""status"":402}"
6885,"HTTP error 402: Payment Required. {""msg"":""Requests reach the upper limit. https://finmindtrade.com/"",""status"":402}"
6887,"HTTP error 402: Payment Required. {""msg"":""Requests reach the upper limit. https://finmindtrade.com/"",""status"":402}"
6890,"HTTP error 402: Payment Required. {""msg"":""Requests reach the upper limit. https://finmindtrade.com/"",""status"":402}"
6894,"HTTP error 402: Payment Required. {""msg"":""Requests reach the upper limit. https://finmindtrade.com/"",""status"":402}"
6895,"HTTP error 402: Payment Required. {""msg"":""Requests reach the upper limit. https://finmindtrade.com/"",""status"":402}"
6899,"HTTP error 402: Payment Required. {""msg"":""Requests reach the upper limit. https://finmindtrade.com/"",""status"":402}"
6901,"HTTP error 402: Payment Required. {""msg"":""Requests reach the upper limit. https://finmindtrade.com/"",""status"":402}"
6902,"HTTP error 402: Payment Required. {""msg"":""Requests reach the upper limit. https://finmindtrade.com/"",""status"":402}"
6903,"HTTP error 402: Payment Required. {""msg"":""Requests reach the upper limit. https://finmindtrade.com/"",""status"":402}"
6904,"HTTP error 402: Payment Required. {""msg"":""Requests reach the upper limit. https://finmindtrade.com/"",""status"":402}"
6906,"HTTP error 402: Payment Required. {""msg"":""Requests reach the upper limit. https://finmindtrade.com/"",""status"":402}"
6907,"HTTP error 402: Payment Required. {""msg"":""Requests reach the upper limit. https://finmindtrade.com/"",""status"":402}"
6909,"HTTP error 402: Payment Required. {""msg"":""Requests reach the upper limit. https://finmindtrade.com/"",""status"":402}"
6910,"HTTP error 402: Payment Required. {""msg"":""Requests reach the upper limit. https://finmindtrade.com/"",""status"":402}"
6913,"HTTP error 402: Payment Required. {""msg"":""Requests reach the upper limit. https://finmindtrade.com/"",""status"":402}"
6914,"HTTP error 402: Payment Required. {""msg"":""Requests reach the upper limit. https://finmindtrade.com/"",""status"":402}"
6916,"HTTP error 402: Payment Required. {""msg"":""Requests reach the upper limit. https://finmindtrade.com/"",""status"":402}"
6918,"HTTP error 402: Payment Required. {""msg"":""Requests reach the upper limit. https://finmindtrade.com/"",""status"":402}"
6919,"HTTP error 402: Payment Required. {""msg"":""Requests reach the upper limit. https://finmindtrade.com/"",""status"":402}"
6921,"HTTP error 402: Payment Required. {""msg"":""Requests reach the upper limit. https://finmindtrade.com/"",""status"":402}"
6922,"HTTP error 402: Payment Required. {""msg"":""Requests reach the upper limit. https://finmindtrade.com/"",""status"":402}"
6923,"HTTP error 402: Payment Required. {""msg"":""Requests reach the upper limit. https://finmindtrade.com/"",""status"":402}"
6924,"HTTP error 402: Payment Required. {""msg"":""Requests reach the upper limit. https://finmindtrade.com/"",""status"":402}"
6925,"HTTP error 402: Payment Required. {""msg"":""Requests reach the upper limit. https://finmindtrade.com/"",""status"":402}"
6928,"HTTP error 402: Payment Required. {""msg"":""Requests reach the upper limit. https://finmindtrade.com/"",""status"":402}"
6929,"HTTP error 402: Payment Required. {""msg"":""Requests reach the upper limit. https://finmindtrade.com/"",""status"":402}"
6931,"HTTP error 402: Payment Required. {""msg"":""Requests reach the upper limit. https://finmindtrade.com/"",""status"":402}"
6933,"HTTP error 402: Payment Required. {""msg"":""Requests reach the upper limit. https://finmindtrade.com/"",""status"":402}"
6934,"HTTP error 402: Payment Required. {""msg"":""Requests reach the upper limit. https://finmindtrade.com/"",""status"":402}"
6936,"HTTP error 402: Payment Required. {""msg"":""Requests reach the upper limit. https://finmindtrade.com/"",""status"":402}"
6937,"HTTP error 402: Payment Required. {""msg"":""Requests reach the upper limit. https://finmindtrade.com/"",""status"":402}"
6944,"HTTP error 402: Payment Required. {""msg"":""Requests reach the upper limit. https://finmindtrade.com/"",""status"":402}"
6949,"HTTP error 402: Payment Required. {""msg"":""Requests reach the upper limit. https://finmindtrade.com/"",""status"":402}"
7769,"HTTP error 402: Payment Required. {""msg"":""Requests reach the upper limit. https://finmindtrade.com/"",""status"":402}"
7770,"HTTP error 402: Payment Required. {""msg"":""Requests reach the upper limit. https://finmindtrade.com/"",""status"":402}"
7777,"HTTP error 402: Payment Required. {""msg"":""Requests reach the upper limit. https://finmindtrade.com/"",""status"":402}"
7780,"HTTP error 402: Payment Required. {""msg"":""Requests reach the upper limit. https://finmindtrade.com/"",""status"":402}"
7782,"HTTP error 402: Payment Required. {""msg"":""Requests reach the upper limit. https://finmindtrade.com/"",""status"":402}"
7786,"HTTP error 402: Payment Required. {""msg"":""Requests reach the upper limit. https://finmindtrade.com/"",""status"":402}"
7788,"HTTP error 402: Payment Required. {""msg"":""Requests reach the upper limit. https://finmindtrade.com/"",""status"":402}"
7791,"HTTP error 402: Payment Required. {""msg"":""Requests reach the upper limit. https://finmindtrade.com/"",""status"":402}"
7792,"HTTP error 402: Payment Required. {""msg"":""Requests reach the upper limit. https://finmindtrade.com/"",""status"":402}"
7795,"HTTP error 402: Payment Required. {""msg"":""Requests reach the upper limit. https://finmindtrade.com/"",""status"":402}"
7799,"HTTP error 402: Payment Required. {""msg"":""Requests reach the upper limit. https://finmindtrade.com/"",""status"":402}"
7805,"HTTP error 402: Payment Required. {""msg"":""Requests reach the upper limit. https://finmindtrade.com/"",""status"":402}"
7810,"HTTP error 402: Payment Required. {""msg"":""Requests reach the upper limit. https://finmindtrade.com/"",""status"":402}"
7823,"HTTP error 402: Payment Required. {""msg"":""Requests reach the upper limit. https://finmindtrade.com/"",""status"":402}"
8008,"HTTP error 402: Payment Required. {""msg"":""Requests reach the upper limit. https://finmindtrade.com/"",""status"":402}"
8011,"HTTP error 402: Payment Required. {""msg"":""Requests reach the upper limit. https://finmindtrade.com/"",""status"":402}"
8016,"HTTP error 402: Payment Required. {""msg"":""Requests reach the upper limit. https://finmindtrade.com/"",""status"":402}"
8021,"HTTP error 402: Payment Required. {""msg"":""Requests reach the upper limit. https://finmindtrade.com/"",""status"":402}"
8024,"HTTP error 402: Payment Required. {""msg"":""Requests reach the upper limit. https://finmindtrade.com/"",""status"":402}"
8027,"HTTP error 402: Payment Required. {""msg"":""Requests reach the upper limit. https://finmindtrade.com/"",""status"":402}"
8028,"HTTP error 402: Payment Required. {""msg"":""Requests reach the upper limit. https://finmindtrade.com/"",""status"":402}"
8032,"HTTP error 402: Payment Required. {""msg"":""Requests reach the upper limit. https://finmindtrade.com/"",""status"":402}"
8033,"HTTP error 402: Payment Required. {""msg"":""Requests reach the upper limit. https://finmindtrade.com/"",""status"":402}"
8034,"HTTP error 402: Payment Required. {""msg"":""Requests reach the upper limit. https://finmindtrade.com/"",""status"":402}"
8038,"HTTP error 402: Payment Required. {""msg"":""Requests reach the upper limit. https://finmindtrade.com/"",""status"":402}"
8039,"HTTP error 402: Payment Required. {""msg"":""Requests reach the upper limit. https://finmindtrade.com/"",""status"":402}"
8040,"HTTP error 402: Payment Required. {""msg"":""Requests reach the upper limit. https://finmindtrade.com/"",""status"":402}"
8042,"HTTP error 402: Payment Required. {""msg"":""Requests reach the upper limit. https://finmindtrade.com/"",""status"":402}"
8043,"HTTP error 402: Payment Required. {""msg"":""Requests reach the upper limit. https://finmindtrade.com/"",""status"":402}"
8044,"HTTP error 402: Payment Required. {""msg"":""Requests reach the upper limit. https://finmindtrade.com/"",""status"":402}"
8045,"HTTP error 402: Payment Required. {""msg"":""Requests reach the upper limit. https://finmindtrade.com/"",""status"":402}"
8046,"HTTP error 402: Payment Required. {""msg"":""Requests reach the upper limit. https://finmindtrade.com/"",""status"":402}"
8047,"HTTP error 402: Payment Required. {""msg"":""Requests reach the upper limit. https://finmindtrade.com/"",""status"":402}"
8048,"HTTP error 402: Payment Required. {""msg"":""Requests reach the upper limit. https://finmindtrade.com/"",""status"":402}"
8049,"HTTP error 402: Payment Required. {""msg"":""Requests reach the upper limit. https://finmindtrade.com/"",""status"":402}"
8050,"HTTP error 402: Payment Required. {""msg"":""Requests reach the upper limit. https://finmindtrade.com/"",""status"":402}"
8054,"HTTP error 402: Payment Required. {""msg"":""Requests reach the upper limit. https://finmindtrade.com/"",""status"":402}"
8059,"HTTP error 402: Payment Required. {""msg"":""Requests reach the upper limit. https://finmindtrade.com/"",""status"":402}"
8064,"HTTP error 402: Payment Required. {""msg"":""Requests reach the upper limit. https://finmindtrade.com/"",""status"":402}"
8066,"HTTP error 402: Payment Required. {""msg"":""Requests reach the upper limit. https://finmindtrade.com/"",""status"":402}"
8067,"HTTP error 402: Payment Required. {""msg"":""Requests reach the upper limit. https://finmindtrade.com/"",""status"":402}"
8068,"HTTP error 402: Payment Required. {""msg"":""Requests reach the upper limit. https://finmindtrade.com/"",""status"":402}"
8069,"HTTP error 402: Payment Required. {""msg"":""Requests reach the upper limit. https://finmindtrade.com/"",""status"":402}"
8070,"HTTP error 402: Payment Required. {""msg"":""Requests reach the upper limit. https://finmindtrade.com/"",""status"":402}"
9105,"HTTP error 402: Payment Required. {""msg"":""Requests reach the upper limit. https://finmindtrade.com/"",""status"":402}"
9106,"HTTP error 402: Payment Required. {""msg"":""Requests reach the upper limit. https://finmindtrade.com/"",""status"":402}"
9110,"HTTP error 402: Payment Required. {""msg"":""Requests reach the upper limit. https://finmindtrade.com/"",""status"":402}"
9136,"HTTP error 402: Payment Required. {""msg"":""Requests reach the upper limit. https://finmindtrade.com/"",""status"":402}"
9151,"HTTP error 402: Payment Required. {""msg"":""Requests reach the upper limit. https://finmindtrade.com/"",""status"":402}"
9157,"HTTP error 402: Payment Required. {""msg"":""Requests reach the upper limit. https://finmindtrade.com/"",""status"":402}"
9188,"HTTP error 402: Payment Required. {""msg"":""Requests reach the upper limit. https://finmindtrade.com/"",""status"":402}"
9801,"HTTP error 402: Payment Required. {""msg"":""Requests reach the upper limit. https://finmindtrade.com/"",""status"":402}"
9802,"HTTP error 402: Payment Required. {""msg"":""Requests reach the upper limit. https://finmindtrade.com/"",""status"":402}"
9902,"HTTP error 402: Payment Required. {""msg"":""Requests reach the upper limit. https://finmindtrade.com/"",""status"":402}"
9904,"HTTP error 402: Payment Required. {""msg"":""Requests reach the upper limit. https://finmindtrade.com/"",""status"":402}"
9905,"HTTP error 402: Payment Required. {""msg"":""Requests reach the upper limit. https://finmindtrade.com/"",""status"":402}"
9906,"HTTP error 402: Payment Required. {""msg"":""Requests reach the upper limit. https://finmindtrade.com/"",""status"":402}"
9907,"HTTP error 402: Payment Required. {""msg"":""Requests reach the upper limit. https://finmindtrade.com/"",""status"":402}"
9908,"HTTP error 402: Payment Required. {""msg"":""Requests reach the upper limit. https://finmindtrade.com/"",""status"":402}"
9910,"HTTP error 402: Payment Required. {""msg"":""Requests reach the upper limit. https://finmindtrade.com/"",""status"":402}"
9911,"HTTP error 402: Payment Required. {""msg"":""Requests reach the upper limit. https://finmindtrade.com/"",""status"":402}"
9912,"HTTP error 402: Payment Required. {""msg"":""Requests reach the upper limit. https://finmindtrade.com/"",""status"":402}"
9914,"HTTP error 402: Payment Required. {""msg"":""Requests reach the upper limit. https://finmindtrade.com/"",""status"":402}"
9915,"HTTP error 402: Payment Required. {""msg"":""Requests reach the upper limit. https://finmindtrade.com/"",""status"":402}"
9917,"HTTP error 402: Payment Required. {""msg"":""Requests reach the upper limit. https://finmindtrade.com/"",""status"":402}"
9918,"HTTP error 402: Payment Required. {""msg"":""Requests reach the upper limit. https://finmindtrade.com/"",""status"":402}"
9919,"HTTP error 402: Payment Required. {""msg"":""Requests reach the upper limit. https://finmindtrade.com/"",""status"":402}"
9921,"HTTP error 402: Payment Required. {""msg"":""Requests reach the upper limit. https://finmindtrade.com/"",""status"":402}"
9922,"HTTP error 402: Payment Required. {""msg"":""Requests reach the upper limit. https://finmindtrade.com/"",""status"":402}"
9924,"HTTP error 402: Payment Required. {""msg"":""Requests reach the upper limit. https://finmindtrade.com/"",""status"":402}"
9925,"HTTP error 402: Payment Required. {""msg"":""Requests reach the upper limit. https://finmindtrade.com/"",""status"":402}"
9926,"HTTP error 402: Payment Required. {""msg"":""Requests reach the upper limit. https://finmindtrade.com/"",""status"":402}"
9927,"HTTP error 402: Payment Required. {""msg"":""Requests reach the upper limit. https://finmindtrade.com/"",""status"":402}"
9928,"HTTP error 402: Payment Required. {""msg"":""Requests reach the upper limit. https://finmindtrade.com/"",""status"":402}"
9929,"HTTP error 402: Payment Required. {""msg"":""Requests reach the upper limit. https://finmindtrade.com/"",""status"":402}"
9930,"HTTP error 402: Payment Required. {""msg"":""Requests reach the upper limit. https://finmindtrade.com/"",""status"":402}"
9931,"HTTP error 402: Payment Required. {""msg"":""Requests reach the upper limit. https://finmindtrade.com/"",""status"":402}"
9933,"HTTP error 402: Payment Required. {""msg"":""Requests reach the upper limit. https://finmindtrade.com/"",""status"":402}"
9934,"HTTP error 402: Payment Required. {""msg"":""Requests reach the upper limit. https://finmindtrade.com/"",""status"":402}"
9935,"HTTP error 402: Payment Required. {""msg"":""Requests reach the upper limit. https://finmindtrade.com/"",""status"":402}"
9937,"HTTP error 402: Payment Required. {""msg"":""Requests reach the upper limit. https://finmindtrade.com/"",""status"":402}"
9938,"HTTP error 402: Payment Required. {""msg"":""Requests reach the upper limit. https://finmindtrade.com/"",""status"":402}"
9939,"HTTP error 402: Payment Required. {""msg"":""Requests reach the upper limit. https://finmindtrade.com/"",""status"":402}"
9940,"HTTP error 402: Payment Required. {""msg"":""Requests reach the upper limit. https://finmindtrade.com/"",""status"":402}"
9941,"HTTP error 402: Payment Required. {""msg"":""Requests reach the upper limit. https://finmindtrade.com/"",""status"":402}"
9942,"HTTP error 402: Payment Required. {""msg"":""Requests reach the upper limit. https://finmindtrade.com/"",""status"":402}"
9943,"HTTP error 402: Payment Required. {""msg"":""Requests reach the upper limit. https://finmindtrade.com/"",""status"":402}"
9944,"HTTP error 402: Payment Required. {""msg"":""Requests reach the upper limit. https://finmindtrade.com/"",""status"":402}"
